Rank 2021 ,Rank 2020,Name,Peer Group (CKIG),Peer Group Rank,Country, Energy Productivity ,Energy Productivity Score, Carbon Productivity ,Carbon Productivity Score, Water Productivity ,Water Productivity Score, Waste Productivity ,Waste Productivity Score, VOC Productivity , NOx Productivity , SOx Productivity , PM  Productivity ,VOC Productivity Score,NOx Productivity Score,SOx Productivity Score,PM  Productivity Score,% Taxes Paid,% Taxes Paid Score,% Clean Revenues,Clean Revenue Score,% Clean Investment,Clean Investment Score, CEO-Average Worker Pay Ratio,CEO-Average Worker Pay Score, Retirement contributions/FTE ,Retirement contributions/FTE  Score, Fair value of plan assets/FTE ,Fair value of plan assets/FTE  Score,Fair value/projected benefit obligation Percent ,Fair value/projected benefit obligation  Score,Pension Fund Status, Lost-time Injury Rate ,Lost-time Injury Rate  Score, Fatalities per FTE employee ,Fatalities per FTE employee Score ,Employee Turnover Rate ,Employee Turnover Score,% Non-male on Board ,% Non-male on Board  Score,% Non-male Senior Executives ,% Non-male Senior Executives  Score,% Racial Diversity Among Boards,% Racial Diversity Among Board Score,% Racial Diversity Among Executives,% Racial Diversity Among Executives Score,Paid Sick Leave Score,Sustainability Paylink Score,Supplier Score ,Fines deduction,Overall Score,,Energy Productivity - Weight,Carbon Productivity - Weight,Water Productivity - Weight,Waste Productivity - Weight,Injuries - Weight,Fatalities - Weight,Employee turnover - Weight,VOC Productivity - Weight,NOX Productivity - Weight,SOX Productivity - Weight,PM Productivity - Weight,Pension Fund Status - Weight,Cash taxes paid ratio - Weight,CEO-Average Worker Pay ratio - Weight,Clean Revenue - Weight,Clean Investment - Weight,Non-male on Board - Weight,Non-male in Executive Management - Weight,Racial Diversity Among Executives - Weight,Racial Diversity on Board of Directors - Weight,Paid Sick Leave,Sustainability Paylink - Weight,Supplier Score - Weight
1,29,Schneider Electric SE,Industrial Conglomerates,#1/53,France," $ 13,989 ",96.0%," $ 90,981 ",66.9%," $ 15,542 ",87.5%," $ 5,569,826 ",100.0%," $ 60,752,252 "," $ 351,342,638 "," $ 6,616,953,024 "," $ 13,233,906,049 ",42.5%,68.7%,68.3%,75.0%,16.3%,56.0%,70.0%,95.8%,72.8%,95.6%, 119:1,33.4%," $ 1,339 ",40.0%," $ 93,978 ",52.9%,85.8%,72.7%,36.4%,  0.08 ,92.4%,  0.00000745 ,60.0%,17.6%,18.2%,28.6%,68.5%,37.5%,89.5%,21.4%,79.9%,25.0%,90.3%,100.0%,100.0%,10.4%,0.0%,83.2%,,2%,2%,3%,2%,2%,1%,2%,3%,4%,2%,1%,2%,2%,3%,43%,8%,3%,3%,3%,3%,3%,5%,3%
2,1,Orsted A/S,Power Generation,#1/244,Denmark, $ 467 ,39.7%," $ 5,361 ",63.7%," $ 9,069 ",91.2%," $ 3,824,899 ",62.1%," $ 48,425,325 "," $ 5,527,079 "," $ 20,419,189 "," $ 167,566,998 ",27.2%,93.1%,75.9%,56.3%,29.3%,99.5%,62.2%,91.1%,100.0%,92.3%, 21:1,35.8%," $ 8,577 ",49.0%, No Data,0.0%, No Data,0.0%,36.8%,  0.42 ,61.4%,  0.00015800 ,30.8%,11.6%,19.4%,33.3%,80.9%,28.6%,76.8%,0.0%,0.0%,0.0%,0.0%,100.0%,100.0%,72.0%,0.0%,82.7%,,0%,3%,9%,0%,0%,0%,0%,0%,4%,13%,1%,0%,0%,0%,43%,8%,3%,3%,3%,3%,3%,5%,3%
3,9,Banco do Brasil SA,Banks and Investment Services,#1/935,Brazil," $ 232,205 ",72.0%," $ 851,966 ",32.5%," $ 50,421 ",47.3%," $ 335,551,194 ",73.1%, No Data, No Data, No Data, No Data,0.0%,0.0%,0.0%,0.0%,30.9%,88.7%,17.9%,100.0%,5.8%,100.0%, 8:1,73.3%," $ 4,888 ",51.3%," $ 1,088,642 ",91.0%,92.2%,48.5%,48.4%,  -   ,100.0%,  -   ,100.0%,4.4%,91.8%,20.0%,37.9%,75.0%,99.7%,0.0%,0.0%,0.0%,0.0%,100.0%,100.0%,9.5%,1.0%,81.7%,,1%,1%,1%,0%,2%,1%,5%,0%,0%,0%,0%,9%,6%,4%,43%,8%,3%,3%,3%,3%,3%,5%,3%
4,3,Neste Oyj,Oil & Gas,#1/347,Finland, $ 553 ,76.6%," $ 7,765 ",70.1%," $ 2,539 ",72.3%," $ 210,167 ",27.5%," $ 5,907,186 "," $ 15,541,052 "," $ 5,634,104 "," $ 210,510,620 ",55.1%,81.7%,37.1%,90.0%,9.6%,55.7%,25.8%,100.0%,50.0%,100.0%, 32:1,51.9%," $ 12,819 ",63.6%," $ 102,818 ",57.5%,77.8%,48.3%,49.2%,  0.25 ,63.7%,  -   ,100.0%,7.4%,48.4%,37.5%,84.8%,30.8%,79.9%,0.0%,0.0%,0.0%,0.0%,100.0%,100.0%,57.1%,0.0%,80.7%,,3%,2%,1%,0%,0%,0%,0%,6%,5%,10%,1%,1%,0%,0%,43%,8%,3%,3%,3%,3%,3%,5%,3%
5,57,Stantec Inc,Consulting and Professional Services,#1/23,Canada," $ 5,418 ",20.8%," $ 64,411 ",18.2%, No Data,0.0%, No Data,0.0%, Not an appliable KPI, Not an appliable KPI, Not an appliable KPI, Not an appliable KPI, Not an appliable KPI, Not an appliable KPI, Not an appliable KPI, Not an appliable KPI,2.5%,0.0%,39.7%,100.0%,39.7%,100.0%, 29:1,100.0%," $ 2,875 ",45.4%," $ 19,907 ",44.4%,92.2%,54.5%,34.1%,  0.11 ,100.0%, Not an appliable KPI, Not an appliable KPI,15.5%,75.0%,37.5%,84.8%,17.6%,44.2%,0.0%,0.0%,5.9%,62.0%,100.0%,100.0%,1.1%,0.0%,80.5%,,1%,1%,1%,1%,1%,0%,6%,0%,0%,0%,0%,5%,4%,10%,43%,8%,3%,3%,3%,3%,3%,5%,3%
6,22,McCormick & Company Inc,Packaged and Processed Food and Ingredients,#1/225,USA," $ 3,957 ",79.3%," $ 42,674 ",64.2%," $ 2,288 ",63.9%," $ 236,852 ",32.5%," $ 411,338,462 "," $ 205,669,231 ", No Data," $ 2,673,700,000 ",100.0%,77.8%,0.0%,100.0%,15.4%,58.5%,51.5%,95.8%,4.4%,75.0%, 404:1,0.0%, $ 919 ,32.5%," $ 81,677 ",80.6%,86.0%,58.8%,34.2%,  0.30 ,93.2%,  -   ,100.0%,14.0%,65.7%,36.4%,84.2%,28.6%,76.8%,27.3%,86.9%,14.3%,77.1%,100.0%,100.0%,3.3%,1.0%,79.3%,,3%,3%,10%,3%,2%,1%,2%,1%,1%,1%,1%,1%,1%,1%,43%,8%,3%,3%,3%,3%,3%,5%,3%
7,23,Kering SA,Clothing and Accessory Retail,#1/143,France," $ 82,630 ",95.9%," $ 756,245 ",60.6%," $ 29,944 ",69.4%," $ 4,488,645 ",56.0%, Not an appliable KPI, Not an appliable KPI, Not an appliable KPI," $ 1,786,135,379 ", Not an appliable KPI, Not an appliable KPI, Not an appliable KPI,100.0%,23.7%,81.2%,53.0%,100.0%,50.0%,100.0%, 292:1,10.0%, $ 223 ,11.7%," $ 3,921 ",7.1%,46.9%,21.5%,8.8%,  1.01 ,75.0%,  -   ,100.0%,18.8%,66.7%,53.8%,98.9%,33.3%,87.1%,15.4%,70.5%,0.0%,0.0%,100.0%,100.0%,0.0%,5.0%,78.4%,,1%,1%,1%,1%,6%,1%,7%,0%,0%,0%,3%,2%,4%,4%,43%,8%,3%,3%,3%,3%,3%,5%,3%
8,18,Metso Outotec,Construction & Engineering Services,#1/251,Finland," $ 13,781 ",75.5%," $ 170,618 ",79.7%," $ 27,638 ",90.0%," $ 3,319,536 ",87.5%," $ 226,834,939 ", No Data, No Data, No Data,100.0%,0.0%,0.0%,0.0%,12.6%,41.7%,45.0%,92.1%,80.6%,100.0%, 8:1,58.4%," $ 9,369 ",96.9%, No Data,0.0%, No Data,0.0%,72.7%,  0.60 ,66.7%,  -   ,100.0%,12.0%,45.2%,30.0%,68.8%,36.4%,89.2%,0.0%,0.0%,0.0%,0.0%,100.0%,100.0%,71.3%,0.0%,78.4%,,1%,1%,1%,14%,1%,1%,1%,0%,2%,4%,1%,1%,1%,1%,43%,8%,3%,3%,3%,3%,3%,5%,3%
9,16,American Water Works Company Inc,Water Utilities,#1/23,USA, $ 748 ,42.5%," $ 6,228 ",6.3%, $ 2 ,37.5%, No Data,0.0%, No Data, No Data, No Data, Not an appliable KPI,0.0%,0.0%,0.0%, Not an appliable KPI,1.3%,21.0%,100.0%,100.0%,100.0%,100.0%, 47:1,50.0%," $ 8,824 ",100.0%," $ 335,147 ",50.0%,89.9%,58.3%,77.1%,  1.13 ,83.4%,  -   ,100.0%,10.7%,40.0%,45.5%,96.2%,25.0%,62.5%,18.2%,74.4%,6.3%,62.6%,100.0%,100.0%,54.7%,0.0%,77.1%,,0%,0%,29%,1%,0%,0%,0%,0%,0%,0%,0%,0%,0%,0%,43%,8%,3%,3%,3%,3%,3%,5%,3%
10,54,Canadian National Railway Co,Freight,#1/65,Canada, $ 160 ,45.0%," $ 2,106 ",56.3%," $ 7,040 ",62.5%," $ 77,707 ",2.1%, No Data," $ 208,086 "," $ 1,249,557,080 "," $ 39,048,659 ",0.0%,68.7%,91.7%,100.0%,10.9%,45.6%,77.7%,87.5%,78.1%,100.0%, 79:1,80.0%," $ 5,902 ",75.0%," $ 565,103 ",66.6%,101.6%,92.0%,70.9%,  1.91 ,33.4%,  0.00003850 ,66.7%,10.7%,60.0%,38.5%,88.3%,33.3%,87.1%,0.0%,0.0%,0.0%,0.0%,100.0%,100.0%,49.9%,0.0%,77.1%,,1%,1%,0%,0%,0%,0%,0%,2%,23%,0%,2%,0%,0%,0%,43%,8%,3%,3%,3%,3%,3%,5%,3%
11,,Rexel SA,Industrial Distributors,#1/118,France," $ 12,412 ",49.0%," $ 185,475 ",43.7%," $ 35,816 ",37.5%," $ 1,923,368 ",60.0%, No Data, No Data, No Data, Not an appliable KPI,0.0%,0.0%,0.0%, Not an appliable KPI,12.7%,39.0%,11.7%,100.0%,0.0%,100.0%, 34:1,71.5%," $ 2,044 ",23.0%," $ 52,505 ",50.0%,75.3%,35.7%,17.3%,  1.22 ,75.0%,  -   ,100.0%,17.2%,0.0%,45.5%,96.2%,16.7%,43.2%,0.0%,0.0%,0.0%,0.0%,100.0%,100.0%,0.0%,0.0%,76.6%,,1%,2%,1%,2%,5%,5%,3%,0%,1%,1%,0%,3%,4%,3%,43%,8%,3%,3%,3%,3%,3%,5%,3%
12,,Atlantica Sustainable Infrastructure PLC,Power Generation,#2/244,UK, $ 36 ,3.5%, $ 611 ,39.0%, $ 92 ,59.0%," $ 34,742 ",22.4%, No Data," $ 2,763,530 "," $ 1,444,931,429 ", No Data,0.0%,67.3%,88.7%,0.0%,0.5%,9.4%,86.0%,95.9%,59.8%,61.5%, 17:1,50.0%, No Data,0.0%, No Data,0.0%, No Data,0.0%,0.0%,  0.30 ,72.8%,  -   ,100.0%,11.1%,24.2%,25.0%,52.9%,14.3%,33.0%,0.0%,0.0%,0.0%,0.0%,100.0%,100.0%,40.2%,0.0%,76.5%,,0%,3%,9%,0%,0%,0%,0%,0%,4%,13%,1%,0%,0%,0%,43%,8%,3%,3%,3%,3%,3%,5%,3%
13,4,Cisco Systems Inc,Communications Equipment,#1/60,USA," $ 32,472 ",87.5%," $ 74,950 ",50.0%," $ 15,733 ",56.2%," $ 25,720,515 ",100.0%, No Data," $ 332,717,949 "," $ 87,972,881,356 ", No Data,0.0%,37.5%,50.0%,0.0%,19.8%,76.3%,58.0%,100.0%,32.5%,50.0%, 149:1,0.0%," $ 3,735 ",75.0%, $ 898 ,0.0%,12.2%,0.0%,56.3%,  0.02 ,0.0%,  -   ,100.0%,14.7%,0.0%,22.2%,51.3%,100.0%,99.9%,11.1%,64.5%,33.3%,93.8%,100.0%,100.0%,16.3%,0.0%,75.8%,,1%,2%,2%,1%,2%,6%,4%,0%,0%,0%,2%,3%,3%,4%,43%,8%,3%,3%,3%,3%,3%,5%,3%
14,13,Storebrand ASA,Insurance,#1/236,Norway," $ 9,094,145 ",98.3%," $ 48,879,137 ",91.7%," $ 602,707 ",87.5%," $ 151,778,149 ",74.0%, No Data, No Data, No Data, No Data,0.0%,0.0%,0.0%,0.0%,0.6%,7.5%,2.6%,100.0%,1.1%,100.0%, 6:1,91.0%," $ 13,237 ",83.0%," $ 57,516 ",25.5%,79.0%,39.4%,62.3%,  -   ,100.0%,  -   ,100.0%,5.1%,92.5%,40.0%,88.6%,30.0%,77.3%,0.0%,0.0%,0.0%,0.0%,100.0%,0.0%,3.9%,0.0%,75.2%,,0%,0%,0%,0%,2%,2%,4%,1%,1%,0%,0%,9%,6%,4%,43%,8%,3%,3%,3%,3%,3%,5%,3%
15,,Owens Corning,Building Materials,#1/153,USA, $ 228 ,57.6%," $ 1,703 ",35.9%, $ 642 ,41.1%," $ 21,755 ",6.5%," $ 3,213,645 "," $ 4,052,066 "," $ 3,910,431 "," $ 3,302,583 ",4.2%,82.8%,58.1%,39.4%,5.7%,19.5%,64.0%,100.0%,6.8%,0.0%, 115:1**,0.0%," $ 4,909 ",75.0%," $ 58,443 ",50.0%,83.4%,59.0%,58.5%,  1.72 ,27.3%,  0.00005223 ,52.4%,17.0%,25.0%,27.3%,63.6%,25.0%,62.5%,18.2%,74.4%,12.5%,72.3%,100.0%,100.0%,0.0%,0.0%,74.6%,,2%,2%,1%,1%,0%,0%,0%,1%,9%,12%,2%,0%,0%,0%,43%,8%,3%,3%,3%,3%,3%,5%,3%
16,,Eisai Co Ltd,Pharmaceuticals and Biotechnology,#1/417,Japan," $ 2,589 ",28.4%," $ 60,978 ",40.5%," $ 2,033 ",28.5%," $ 7,435,107 ",63.1%," $ 285,632,016 "," $ 230,039,207 "," $ 659,150,806 "," $ 1,123,798,096 ",56.5%,48.8%,31.4%,50.0%,10.3%,39.7%,32.5%,89.4%,32.5%,100.0%, 12:1,67.7%," $ 2,756 ",36.7%," $ 88,226 ",50.0%,101.8%,84.6%,36.2%,  0.03 ,100.0%,  -   ,100.0%,7.5%,97.7%,9.1%,6.7%,16.7%,43.2%,9.1%,58.0%,10.0%,68.0%,100.0%,100.0%,53.4%,0.0%,74.3%,,2%,2%,5%,2%,2%,1%,3%,2%,1%,1%,0%,4%,3%,2%,43%,8%,3%,3%,3%,3%,3%,5%,3%
17,49,Cascades Inc,Packaging,#1/47,Canada, $ 242 ,33.9%," $ 5,132 ",40.6%, $ 227 ,31.8%," $ 33,746 ",28.1%," $ 2,888,209 "," $ 6,940,324 "," $ 10,333,371 "," $ 78,962,551 ",59.3%,79.1%,56.2%,29.1%,0.1%,0.0%,93.1%,100.0%,93.1%,100.0%, 50:1,100.0%," $ 2,035 ",33.3%," $ 32,158 ",30.7%,92.4%,82.3%,28.2%,  1.70 ,40.0%,  -   ,100.0%,21.9%,12.5%,46.2%,96.7%,7.7%,6.4%,0.0%,0.0%,0.0%,0.0%,100.0%,100.0%,0.0%,2.5%,73.4%,,2%,1%,3%,2%,0%,0%,0%,9%,4%,8%,1%,0%,0%,0%,43%,8%,3%,3%,3%,3%,3%,5%,3%
18,,Brambles Ltd,Assorted Business Support Services,#1/115,Australia," $ 17,543 ",83.6%," $ 107,977 ",69.8%," $ 23,434 ",68.7%," $ 82,922 ",0.0%, No Data, No Data, No Data, No Data,0.0%,0.0%,0.0%,0.0%,2.7%,3.7%,71.0%,100.0%,71.0%,100.0%, 44:1,78.6%," $ 1,625 ",76.1%," $ 21,707 ",57.1%,87.4%,56.0%,60.4%,  1.60 ,75.0%,  0.00008288 ,0.0%,30.7%,21.5%,33.3%,80.9%,30.8%,79.9%,0.0%,0.0%,0.0%,0.0%,100.0%,100.0%,10.9%,0.0%,72.9%,,2%,2%,1%,2%,4%,1%,3%,1%,0%,3%,5%,1%,2%,4%,43%,8%,3%,3%,3%,3%,3%,5%,3%
19,17,Iberdrola SA,Power Generation,#3/244,Spain, $ 125 ,28.3%," $ 3,435 ",77.0%, $ 603 ,72.0%," $ 75,951 ",37.8%," $ 118,549,448 "," $ 1,049,261 "," $ 30,214,307 "," $ 46,562,783 ",48.4%,46.9%,89.9%,57.6%,7.4%,58.2%,60.0%,90.4%,68.9%,73.0%, 77:1,10.8%," $ 15,121 ",75.4%," $ 364,225 ",57.1%,78.1%,49.5%,58.2%,  1.30 ,22.8%,  0.00014237 ,33.4%,6.7%,56.5%,33.3%,80.9%,11.1%,17.7%,0.0%,0.0%,0.0%,0.0%,100.0%,100.0%,48.1%,5.0%,72.8%,,0%,3%,9%,0%,0%,0%,0%,0%,4%,13%,1%,0%,0%,0%,43%,8%,3%,3%,3%,3%,3%,5%,3%
20,25,Taiwan Semiconductor Manufacturing Co Ltd,Electronic Products,#1/365,Taiwan," $ 1,577 ",19.9%," $ 8,678 ",9.0%," $ 1,184 ",24.7%," $ 3,566,103 ",72.3%," $ 745,364,417 "," $ 652,281,709 "," $ 2,364,875,916 ", No Data,71.1%,53.1%,50.1%,0.0%,7.9%,34.3%,60.7%,96.2%,50.0%,96.0%, 137:1 ,10.0%," $ 3,978 ",72.4%," $ 5,964 ",21.0%,31.9%,13.1%,54.3%, No Data,0.0%,  -   ,100.0%,5.0%,91.5%,20.0%,37.9%,27.3%,73.2%,30.0%,88.5%,9.1%,67.2%,100.0%,100.0%,0.0%,1.0%,72.8%,,3%,4%,6%,1%,2%,2%,2%,2%,0%,0%,0%,2%,3%,2%,43%,8%,3%,3%,3%,3%,3%,5%,3%
21,37,Vestas Wind Systems A/S,Electronic Products,#2/365,Denmark," $ 12,981 ",81.2%," $ 162,912 ",61.8%," $ 37,542 ",90.5%," $ 422,796 ",13.8%," $ 65,768,326 ", No Data, No Data, No Data,20.7%,0.0%,0.0%,0.0%,14.4%,66.8%,100.0%,99.2%,100.0%,99.2%, 30:1,63.4%," $ 3,606 ",70.6%, No Data,0.0%, No Data,0.0%,53.0%,  0.24 ,68.5%,  0.00007830 ,8.0%,13.8%,40.5%,25.0%,52.9%,14.3%,33.0%,0.0%,0.0%,0.0%,0.0%,100.0%,0.0%,33.6%,0.0%,72.6%,,3%,4%,6%,1%,2%,2%,2%,2%,0%,0%,0%,2%,3%,2%,43%,8%,3%,3%,3%,3%,3%,5%,3%
22,24,UPM-Kymmene Oyj,Forest Products,#1/67,Finland, $ 179 ,57.7%," $ 2,580 ",27.1%, $ 34 ,57.1%," $ 125,035 ",58.3%," $ 22,676,849 "," $ 1,760,791 "," $ 13,606,109 "," $ 13,606,109 ",75.0%,42.1%,47.2%,60.0%,11.3%,61.2%,80.0%,92.8%,52.5%,80.0%, 86:1,10.0%," $ 8,190 ",95.0%," $ 85,176 ",38.8%,61.2%,6.6%,71.3%,  1.36 ,58.4%,  0.00005336 ,55.6%,9.2%,56.3%,30.0%,68.8%,16.7%,43.2%,0.0%,0.0%,0.0%,0.0%,100.0%,100.0%,0.0%,1.0%,72.4%,,1%,1%,11%,1%,0%,0%,0%,8%,3%,3%,1%,0%,0%,0%,43%,8%,3%,3%,3%,3%,3%,5%,3%
23,11,Osram Licht AG,Electronic Products,#3/365,Germany," $ 2,442 ",32.5%," $ 16,931 ",21.6%," $ 1,684 ",27.8%," $ 888,412 ",31.6%," $ 210,997,913 ", No Data, No Data, No Data,50.8%,0.0%,0.0%,0.0%,10.3%,46.6%,69.4%,97.7%,51.1%,96.8%, 64:1,30.0%," $ 4,106 ",77.5%," $ 68,304 ",81.5%,87.9%,75.0%,72.3%,  0.29 ,60.6%,  -   ,100.0%,18.3%,21.3%,33.3%,80.9%,33.3%,87.1%,0.0%,0.0%,0.0%,0.0%,100.0%,100.0%,0.0%,0.0%,72.3%,,3%,4%,6%,1%,2%,2%,2%,2%,0%,0%,0%,2%,3%,2%,43%,8%,3%,3%,3%,3%,3%,5%,3%
24,2,Chr Hansen Holding A/S,Pharmaceuticals and Biotechnology,#2/417,Denmark," $ 3,569 ",45.6%," $ 35,278 ",16.1%," $ 1,170 ",15.9%," $ 678,112 ",35.9%," $ 398,197,566 "," $ 25,815,650 "," $ 27,260,165 "," $ 56,026,513 ",56.9%,14.5%,0.7%,29.1%,15.1%,58.8%,82.3%,94.7%,12.2%,88.2%, 33:1,53.0%," $ 9,062 ",81.6%," $ 2,436 ",0.0%,42.2%,3.8%,61.2%,  1.32 ,29.1%,  -   ,100.0%,10.0%,71.5%,36.4%,84.2%,22.2%,60.4%,0.0%,0.0%,0.0%,0.0%,100.0%,100.0%,49.9%,0.0%,72.3%,,2%,2%,5%,2%,2%,1%,3%,2%,1%,1%,0%,4%,3%,2%,43%,8%,3%,3%,3%,3%,3%,5%,3%
25,41,Siemens AG,Industrial Conglomerates,#2/53,Germany," $ 10,695 ",88.2%," $ 99,190 ",64.6%," $ 6,409 ",77.7%," $ 2,629,173 ",83.1%," $ 143,623,027 "," $ 641,226,039 ", No Data, No Data,65.0%,82.5%,0.0%,0.0%,20.9%,76.0%,44.2%,83.3%,34.7%,86.9%, 192:1,0.0%," $ 14,254 ",100.0%," $ 118,875 ",58.8%,77.7%,60.6%,79.9%,  0.36 ,69.3%,  0.00001818 ,30.0%,9.5%,81.9%,35.0%,82.4%,25.0%,62.5%,0.0%,0.0%,0.0%,0.0%,100.0%,100.0%,61.7%,1.0%,72.0%,,2%,2%,3%,2%,2%,1%,2%,3%,4%,2%,1%,2%,2%,3%,43%,8%,3%,3%,3%,3%,3%,5%,3%
26,,Trane Technologies PLC,Building Materials,#2/153,USA," $ 4,740 ",86.7%," $ 28,512 ",87.1%," $ 4,493 ",65.3%," $ 1,098,077 ",67.5%," $ 48,609,294 "," $ 129,927,464 "," $ 2,126,162,602 "," $ 2,343,351,254 ",75.0%,83.3%,82.4%,75.0%,16.4%,63.6%,30.0%,82.7%,13.6%,33.3%,No Data,0.0%," $ 6,434 ",90.6%," $ 86,363 ",63.6%,92.1%,69.8%,76.3%,  0.10 ,100.0%,  -   ,100.0%, No Data,0.0%,33.3%,80.9%,12.5%,18.7%,0.0%,0.0%,0.0%,0.0%,100.0%,100.0%,0.0%,0.0%,72.0%,,2%,2%,1%,1%,0%,0%,0%,1%,9%,12%,2%,0%,0%,0%,43%,8%,3%,3%,3%,3%,3%,5%,3%
27,33,Verbund AG,Power Generation,#5/244,Austria, $ 449 ,44.9%," $ 3,887 ",62.3%, $ 35 ,56.3%, No Data,0.0%, No Data," $ 11,987,478 "," $ 50,839,750 ", No Data,0.0%,93.2%,82.9%,0.0%,4.3%,40.3%,92.3%,97.9%,20.2%,23.0%,No Data,0.0%," $ 8,433 ",47.1%," $ 81,604 ",14.2%,19.5%,2.9%,35.3%,  6.40 ,0.0%, No Data,0.0%,5.1%,75.9%,46.7%,96.9%,0.0%,0.0%,0.0%,0.0%,0.0%,0.0%,0.0%,100.0%,0.0%,0.0%,71.8%,,0%,3%,9%,0%,0%,0%,0%,0%,4%,13%,1%,0%,0%,0%,43%,8%,3%,3%,3%,3%,3%,5%,3%
28,,Akzo Nobel NV,Chemicals,#3/257,Netherlands," $ 3,265 ",88.9%," $ 56,176 ",93.8%," $ 1,685 ",88.9%," $ 410,921 ",75.4%," $ 11,395,288 "," $ 193,719,892 "," $ 339,009,811 ", No Data,44.4%,84.6%,74.3%,0.0%,16.1%,69.6%,22.0%,61.1%,61.4%,96.9%, 64:1,32.2%," $ 3,720 ",38.3%," $ 661,176 ",95.7%,104.6%,90.5%,50.3%,  0.08 ,100.0%,  0.00005917 ,20.0%,14.0%,15.0%,37.5%,84.8%,40.0%,91.4%,12.5%,67.7%,20.0%,85.7%,100.0%,100.0%,3.6%,0.0%,71.8%,,4%,4%,9%,1%,0%,0%,0%,3%,2%,3%,1%,1%,0%,0%,43%,8%,3%,3%,3%,3%,3%,5%,3%
29,83,IGM Financial Inc,Banks and Investment Services,#2/935,Canada," $ 242,163 ",82.1%," $ 3,118,718 ",56.3%," $ 14,970 ",10.1%, No Data,0.0%, No Data, No Data, No Data, No Data,0.0%,0.0%,0.0%,0.0%,16.4%,57.7%,3.6%,90.5%,0.1%,75.7%, 54:1,30.4%," $ 5,996 ",60.5%," $ 106,084 ",50.0%,73.5%,22.8%,45.4%,  0.19 ,67.9%,  -   ,100.0%,15.2%,21.4%,33.3%,80.9%,46.2%,96.2%,0.0%,0.0%,15.4%,79.3%,100.0%,100.0%,10.3%,0.0%,71.8%,,1%,1%,1%,0%,2%,1%,5%,0%,0%,0%,0%,9%,6%,4%,43%,8%,3%,3%,3%,3%,3%,5%,3%
30,15,Hewlett Packard Enterprise Co,Technology Hardware,#1/83,USA," $ 17,793 ",30.5%," $ 124,229 ",35.7%," $ 16,910 ",38.8%," $ 25,826,840 ",79.1%," $ 10,911,985,019 "," $ 364,278,570 "," $ 1,155,692,186 "," $ 11,205,769,231 ",77.5%,81.3%,4.2%,81.3%,9.6%,16.8%,43.6%,80.0%,6.7%,100.0%, 143:1,40.0%," $ 17,367 ",92.8%," $ 223,949 ",91.6%,93.6%,80.8%,87.7%,  0.11 ,50.0%,  -   ,100.0%,7.0%,57.2%,38.5%,88.3%,6.7%,4.7%,23.1%,83.0%,26.7%,91.3%,100.0%,100.0%,3.6%,0.0%,71.5%,,1%,2%,2%,0%,2%,0%,5%,2%,1%,0%,0%,6%,5%,4%,43%,8%,3%,3%,3%,3%,3%,5%,3%
31,70,Acciona SA,Construction & Engineering Services,#2/251,Spain," $ 5,222 ",83.1%," $ 63,458 ",62.7%," $ 4,239 ",58.7%," $ 11,148 ",58.7%, No Data," $ 6,283,188 "," $ 54,465,146 "," $ 142,050,990 ",0.0%,33.9%,56.3%,100.0%,5.1%,19.1%,57.7%,100.0%,80.1%,50.0%, 108:1,4.2%, $ 4 ,0.0%, $ 72 ,0.0%,70.9%,43.8%,0.0%,  2.50 ,33.4%,  -   ,100.0%,7.1%,71.0%,27.3%,63.6%,13.3%,25.3%,0.0%,0.0%,0.0%,0.0%,100.0%,100.0%,0.0%,1.0%,71.5%,,1%,1%,1%,14%,1%,1%,1%,0%,2%,4%,1%,1%,1%,1%,43%,8%,3%,3%,3%,3%,3%,5%,3%
32,,Sysmex Corp,Health Care Equipment,#1/135,Japan," $ 7,569 ",48.4%," $ 137,310 ",30.0%," $ 6,920 ",25.7%," $ 3,666,363 ",52.9%, No Data, No Data, No Data, No Data,0.0%,0.0%,0.0%,0.0%,22.5%,89.3%,96.7%,100.0%,100.0%,100.0%, 1:1,100.0%," $ 122,714 ",100.0%," $ 25,796,756 ",100.0%,114.4%,100.0%,100.0%,  0.03 ,100.0%,  -   ,100.0%,0.5%,100.0%,8.3%,3.6%,0.0%,0.0%,0.0%,0.0%,18.2%,83.8%,100.0%,0.0%,0.0%,0.0%,71.4%,,2%,2%,2%,1%,3%,2%,3%,4%,3%,1%,1%,3%,3%,2%,43%,8%,3%,3%,3%,3%,3%,5%,3%
33,61,ABB Ltd,Industrial Conglomerates,#3/53,Switzerland," $ 3,336 ",52.0%," $ 28,034 ",23.6%," $ 3,330 ",35.3%," $ 582,875 ",46.8%," $ 24,803,191 "," $ 131,352,113 "," $ 363,350,649 ", No Data,15.0%,41.3%,57.5%,0.0%,25.6%,90.0%,57.0%,91.6%,41.5%,91.3%,No Data,0.0%," $ 2,902 ",65.0%," $ 72,265 ",35.2%,84.9%,69.6%,50.0%,  1.23 ,38.5%,  0.00001385 ,40.0%,15.0%,45.5%,18.2%,37.5%,22.2%,60.4%,18.2%,74.4%,22.2%,89.5%,100.0%,100.0%,0.0%,0.0%,71.3%,,2%,2%,3%,2%,2%,1%,2%,3%,4%,2%,1%,2%,2%,3%,43%,8%,3%,3%,3%,3%,3%,5%,3%
34,,Arcelik AS,Home Appliances and Houseware,#1/25,Turkey," $ 16,549 ",85.0%," $ 176,908 ",63.8%," $ 11,650 ",66.3%," $ 359,332 ",56.2%, No Data, No Data," $ 102,085,904,515 ", Not an appliable KPI,0.0%,0.0%,75.0%, Not an appliable KPI,5.9%,23.8%,26.5%,100.0%,7.2%,100.0%,No Data,0.0%," $ 1,994 ",40.0%, No Data,0.0%, No Data,0.0%,30.0%,  0.31 ,100.0%, No Data,0.0%,18.3%,0.0%,16.7%,34.2%,14.5%,33.3%,0.0%,0.0%,2.9%,60.7%,0.0%,100.0%,0.0%,0.0%,71.0%,,1%,2%,3%,4%,3%,1%,3%,2%,0%,2%,0%,2%,3%,3%,43%,8%,3%,3%,3%,3%,3%,5%,3%
35,65,BT Group PLC,Telecommunications,#1/155,UK," $ 33,002 ",96.9%," $ 137,933 ",28.4%," $ 15,054 ",12.3%," $ 22,946,062 ",60.5%," $ 2,580,549,459 "," $ 56,381,753 ", No Data," $ 4,792,448,995 ",50.0%,1.4%,0.0%,46.9%,5.2%,39.0%,24.1%,100.0%,1.1%,42.8%, 74:1,35.0%," $ 17,774 ",95.7%," $ 724,944 ",92.3%,97.6%,88.1%,91.9%,  1.10 ,47.4%,  -   ,100.0%,11.2%,59.2%,38.5%,88.3%,50.0%,96.3%,7.7%,52.6%,0.0%,0.0%,100.0%,100.0%,0.0%,5.0%,71.0%,,3%,4%,1%,0%,2%,3%,3%,4%,2%,1%,0%,5%,2%,2%,43%,8%,3%,3%,3%,3%,3%,5%,3%
36,6,Novozymes A/S,Pharmaceuticals and Biotechnology,#3/417,Denmark, $ 673 ,8.4%," $ 6,532 ",3.4%, $ 275 ,3.1%," $ 336,796 ",28.6%, No Data, No Data, No Data, No Data,0.0%,0.0%,0.0%,0.0%,17.7%,66.9%,89.0%,100.0%,11.2%,82.3%, 23:1,55.9%," $ 7,149 ",67.3%, No Data,0.0%, No Data,0.0%,50.5%,  0.90 ,38.8%,  -   ,100.0%,12.7%,38.1%,30.0%,68.8%,42.9%,95.2%,0.0%,0.0%,0.0%,0.0%,100.0%,100.0%,82.7%,1.0%,70.0%,,2%,2%,5%,2%,2%,1%,3%,2%,1%,1%,0%,4%,3%,2%,43%,8%,3%,3%,3%,3%,3%,5%,3%
37,7,ING Groep NV,Banks and Investment Services,#3/935,Netherlands," $ 100,745 ",85.0%," $ 1,450,723 ",39.5%," $ 55,127 ",62.0%, No Data,0.0%, No Data, No Data, No Data, No Data,0.0%,0.0%,0.0%,0.0%,21.0%,70.3%,3.4%,87.8%,3.4%,96.9%,No Data,0.0%," $ 9,443 ",79.6%," $ 87,849 ",46.4%,104.4%,75.4%,65.2%, No Data,0.0%, No Data,0.0%,12.4%,38.0%,33.3%,80.9%,0.0%,0.0%,0.0%,0.0%,50.0%,98.1%,100.0%,100.0%,0.0%,0.0%,69.6%,,1%,1%,1%,0%,2%,1%,5%,0%,0%,0%,0%,9%,6%,4%,43%,8%,3%,3%,3%,3%,3%,5%,3%
38,,Johnson Controls International PLC,Industrial Machinery Manufacturing,#2/165,Ireland," $ 2,931 ",26.3%," $ 25,074 ",11.6%," $ 6,261 ",38.5%," $ 1,855,539 ",79.7%," $ 4,793,600,000 "," $ 121,664,975 "," $ 2,937,254,902 "," $ 1,162,366,634 ",92.5%,37.1%,48.8%,100.0%,29.4%,98.0%,48.8%,80.4%,40.3%,100.0%, 250:1,15.8%," $ 3,077 ",67.6%," $ 48,048 ",70.0%,84.1%,70.0%,60.7%,  0.15 ,100.0%,  0.00000962 ,37.5%,24.0%,4.4%,25.0%,52.9%,19.3%,47.4%,50.0%,99.2%,7.1%,63.7%,0.0%,100.0%,0.0%,2.5%,69.4%,,2%,2%,2%,2%,2%,1%,2%,3%,1%,2%,5%,2%,2%,2%,43%,8%,3%,3%,3%,3%,3%,5%,3%
39,,Alstom SA,Construction Machinery & Industrial Vehicles,#1/110,France," $ 7,894 ",79.6%," $ 93,663 ",23.6%," $ 15,061 ",55.2%," $ 2,667,751 ",71.5%," $ 91,518,108 ", No Data, No Data, No Data,92.9%,0.0%,0.0%,0.0%,18.3%,78.3%,73.8%,100.0%,12.6%,0.0%,No Data,0.0%," $ 4,249 ",62.5%," $ 17,898 ",46.1%,49.2%,15.7%,46.9%,  1.00 ,54.6%,  0.00002572 ,57.2%,13.9%,31.3%,40.0%,88.6%,21.4%,56.5%,No Data,0.0%,No Data,0.0%,0.0%,100.0%,0.0%,0.0%,69.2%,,2%,2%,2%,2%,4%,2%,2%,8%,0%,0%,0%,2%,3%,2%,43%,8%,3%,3%,3%,3%,3%,5%,3%
40,36,City Developments Ltd,Real Estate,#1/412,Singapore," $ 1,686 ",30.8%," $ 17,250 ",6.7%, $ 787 ,27.5%," $ 117,763 ",23.1%, No Data, No Data, No Data, No Data,0.0%,0.0%,0.0%,0.0%,15.4%,67.0%,73.6%,100.0%,80.3%,100.0%, 47:1,16.3%, $ 192 ,0.0%," $ 9,821 ",53.3%,82.4%,60.5%,3.5%,  0.05 ,68.5%,  -   ,100.0%,6.9%,95.5%,25.0%,52.9%,20.0%,47.4%,0.0%,0.0%,0.0%,0.0%,100.0%,100.0%,0.2%,2.5%,69.2%,,2%,2%,6%,6%,2%,3%,2%,1%,0%,0%,2%,2%,1%,2%,43%,8%,3%,3%,3%,3%,3%,5%,3%
41,72,Konica Minolta Inc,Technology Hardware,#2/83,Japan," $ 1,879 ",1.0%," $ 28,533 ",0.0%," $ 3,083 ",1.8%," $ 61,731,617 ",97.9%," $ 50,594,470 "," $ 99,244,966 ", No Data," $ 23,939,822,393 ",1.3%,21.9%,0.0%,87.5%,12.4%,33.7%,73.6%,100.0%,0.2%,50.0%, 10:1,100.0%," $ 2,653 ",35.7%," $ 30,263 ",33.3%,79.9%,63.8%,26.8%,  0.05 ,83.4%,  -   ,100.0%,3.1%,85.8%,8.3%,3.6%,12.5%,18.7%,0.0%,0.0%,0.0%,0.0%,100.0%,100.0%,0.0%,0.0%,68.5%,,1%,2%,2%,0%,2%,0%,5%,2%,1%,0%,0%,6%,5%,4%,43%,8%,3%,3%,3%,3%,3%,5%,3%
42,30,Natura &Co Holding SA,Personal Products,#1/33,Brazil," $ 2,567 ",12.5%," $ 638,798 ",75.0%," $ 20,777 ",77.3%," $ 7,893,300 ",90.0%, No Data," $ 1,218,074,753 "," $ 24,987,933,504 "," $ 661,556,485 ",0.0%,100.0%,75.0%,75.0%,10.6%,3.2%,46.9%,100.0%,0.4%,50.0%, 170:1,0.0%, No Data,0.0%, No Data,0.0%, No Data,0.0%,0.0%,  0.25 ,75.0%,  -   ,100.0%,17.6%,0.0%,75.0%,99.9%,41.7%,94.6%,0.0%,0.0%,0.0%,0.0%,100.0%,100.0%,0.0%,0.0%,67.9%,,2%,1%,2%,1%,3%,1%,2%,1%,1%,2%,0%,4%,5%,5%,43%,8%,3%,3%,3%,3%,3%,5%,3%
43,5,Autodesk Inc,Software and Related Services,#1/142,USA," $ 15,442 ",31.2%," $ 994,926 ",40.9%, No Data,0.0%," $ 1,060,330 ",5.0%, No Data, No Data, No Data, No Data,0.0%,0.0%,0.0%,0.0%,52.8%,97.6%,93.2%,100.0%,3.1%,57.1%, 77:1**,0.0%," $ 2,098 ",37.5%," $ 9,431 ",66.6%,92.9%,100.0%,44.8%,  0.24 ,0.0%, Not an appliable KPI, Not an appliable KPI,13.1%,0.0%,50.0%,97.0%,27.3%,73.2%,10.0%,61.7%,0.0%,0.0%,100.0%,100.0%,4.5%,0.0%,67.8%,,1%,2%,1%,0%,2%,0%,4%,0%,1%,3%,0%,6%,4%,5%,43%,8%,3%,3%,3%,3%,3%,5%,3%
44,42,National Australia Bank Ltd,Banks and Investment Services,#4/935,Australia," $ 16,717 ",14.7%," $ 113,586 ",4.4%," $ 31,847 ",35.5%," $ 6,656,183 ",29.3%, No Data," $ 38,201,589 ", No Data, No Data,0.0%,11.5%,0.0%,0.0%,7.6%,26.5%,4.9%,93.2%,0.1%,84.8%, 23:1,60.8%, No Data,0.0%, No Data,0.0%, No Data,0.0%,0.0%,  0.12 ,75.0%,  -   ,100.0%,15.8%,20.0%,40.0%,88.6%,36.4%,89.2%,10.0%,61.7%,0.0%,0.0%,100.0%,100.0%,0.0%,0.0%,67.8%,,1%,1%,1%,0%,2%,1%,5%,0%,0%,0%,0%,9%,6%,4%,43%,8%,3%,3%,3%,3%,3%,5%,3%
45,,Transcontinental Inc,Packaging,#2/47,Canada," $ 1,210 ",82.1%, $ 916 ,0.0%," $ 2,119 ",61.4%," $ 271,204 ",78.1%," $ 3,203,364 "," $ 6,661,924 "," $ 3,181,901,568 "," $ 417,298,566 ",100.0%,50.0%,62.5%,50.0%,17.1%,93.1%,43.6%,75.0%,37.2%,33.3%, 80:1,0.0%," $ 1,792 ",26.6%," $ 70,800 ",61.5%,91.2%,79.4%,30.2%,  0.74 ,70.0%,  -   ,100.0%,8.5%,100.0%,38.5%,88.3%,30.0%,77.3%,0.0%,0.0%,0.0%,0.0%,100.0%,100.0%,56.1%,1.0%,67.6%,,2%,1%,3%,2%,0%,0%,0%,9%,4%,8%,1%,0%,0%,0%,43%,8%,3%,3%,3%,3%,3%,5%,3%
46,31,BNP Paribas SA,Banks and Investment Services,#5/935,France," $ 17,099 ",16.8%," $ 190,643 ",12.7%," $ 15,025 ",9.4%," $ 2,434,028 ",4.8%, No Data, No Data, No Data, No Data,0.0%,0.0%,0.0%,0.0%,19.1%,64.6%,15.5%,98.6%,0.1%,75.7%, 44:1,37.5%," $ 6,279 ",63.1%," $ 43,448 ",30.3%,62.6%,15.3%,47.3%,  0.05 ,85.8%,  0.00001509 ,16.7%,11.5%,44.2%,42.9%,93.8%,15.8%,35.1%,0.0%,0.0%,0.0%,0.0%,100.0%,100.0%,9.5%,5.0%,67.6%,,1%,1%,1%,0%,2%,1%,5%,0%,0%,0%,0%,9%,6%,4%,43%,8%,3%,3%,3%,3%,3%,5%,3%
47,48,Bank of Montreal,Banks and Investment Services,#6/935,Canada," $ 28,506 ",40.8%," $ 156,810 ",11.6%," $ 29,327 ",36.0%," $ 14,307,256 ",43.3%, No Data, No Data, No Data, No Data,0.0%,0.0%,0.0%,0.0%,17.4%,60.7%,4.1%,91.8%,0.3%,86.3%, 62:1,26.8%," $ 4,712 ",49.3%," $ 178,953 ",66.9%,98.6%,65.3%,45.0%, No Data,0.0%,  -   ,100.0%,10.7%,55.2%,41.7%,91.9%,25.0%,62.5%,0.0%,0.0%,0.0%,0.0%,0.0%,100.0%,0.0%,0.0%,67.5%,,1%,1%,1%,0%,2%,1%,5%,0%,0%,0%,0%,9%,6%,4%,43%,8%,3%,3%,3%,3%,3%,5%,3%
48,,Ball Corp,Packaging,#3/47,USA, $ 726 ,60.2%," $ 9,231 ",62.5%," $ 1,214 ",54.5%," $ 414,269 ",78.1%," $ 1,146,025 "," $ 36,658,147 "," $ 6,135,828,877 "," $ 488,463,176 ",25.0%,79.2%,79.2%,91.7%,7.7%,36.3%,64.0%,87.5%,64.0%,66.6%, 126:1**,0.0%," $ 2,623 ",80.0%," $ 123,443 ",76.9%,36.5%,5.8%,60.0%,  0.29 ,90.0%,  -   ,100.0%,12.0%,62.5%,36.4%,84.2%,14.3%,33.0%,36.4%,93.7%,0.0%,0.0%,100.0%,0.0%,0.0%,0.0%,67.5%,,2%,1%,3%,2%,0%,0%,0%,9%,4%,8%,1%,0%,0%,0%,43%,8%,3%,3%,3%,3%,3%,5%,3%
49,,Allianz SE,Insurance,#2/236,Germany," $ 102,360 ",38.4%," $ 639,305 ",6.6%," $ 90,405 ",25.3%," $ 14,753,421 ",8.5%, No Data, No Data, No Data, No Data,0.0%,0.0%,0.0%,0.0%,21.9%,65.8%,1.1%,90.4%,0.0%,20.0%, 89:1,36.4%," $ 22,891 ",96.2%," $ 161,070 ",53.1%,49.6%,17.4%,72.2%, No Data,0.0%, No Data,0.0%,16.5%,20.8%,20.0%,37.9%,40.0%,91.4%,10.0%,61.7%,20.0%,85.7%,100.0%,100.0%,0.0%,0.0%,67.4%,,0%,0%,0%,0%,2%,2%,4%,1%,1%,0%,0%,9%,6%,4%,43%,8%,3%,3%,3%,3%,3%,5%,3%
50,58,HP Inc,Technology Hardware,#3/83,USA," $ 35,869 ",59.4%," $ 272,271 ",33.6%," $ 20,053 ",42.6%," $ 9,238,365 ",46.9%," $ 22,598,461,538 ", No Data, No Data, No Data,95.0%,0.0%,0.0%,0.0%,11.6%,27.2%,54.1%,86.6%,0.9%,83.3%, 733:1,0.0%," $ 1,446 ",28.5%," $ 214,589 ",83.3%,91.1%,78.7%,36.9%,  0.08 ,66.7%,  -   ,100.0%, No Data,0.0%,41.7%,91.9%,33.3%,87.1%,41.7%,95.5%,33.3%,93.8%,0.0%,100.0%,64.1%,1.0%,67.2%,,1%,2%,2%,0%,2%,0%,5%,2%,1%,0%,0%,6%,5%,4%,43%,8%,3%,3%,3%,3%,3%,5%,3%
51,12,Sekisui Chemical Co Ltd,Chemicals,#5/257,Japan," $ 1,083 ",65.1%," $ 13,114 ",55.7%, $ 536 ,60.4%," $ 1,878,857 ",80.9%," $ 10,043,747 "," $ 61,824,845 "," $ 1,854,745,351 "," $ 695,529,507 ",34.5%,73.3%,88.2%,37.5%,16.8%,74.6%,29.1%,77.7%,9.6%,81.8%, 4:1,92.9%," $ 33,682 ",100.0%," $ 316,284 ",87.2%,71.8%,41.1%,82.1%,  0.19 ,90.5%,  -   ,100.0%,1.7%,95.0%,13.3%,21.8%,12.5%,18.7%,0.0%,0.0%,0.0%,0.0%,100.0%,100.0%,5.3%,0.0%,67.0%,,4%,4%,9%,1%,0%,0%,0%,3%,2%,3%,1%,1%,0%,0%,43%,8%,3%,3%,3%,3%,3%,5%,3%
52,67,Comerica Inc,Banks and Investment Services,#7/935,USA," $ 8,804 ",5.9%," $ 78,577 ",0.0%," $ 11,113 ",6.9%," $ 2,537,210 ",8.7%, No Data, No Data, No Data, No Data,0.0%,0.0%,0.0%,0.0%,18.2%,62.6%,1.8%,74.3%,0.7%,90.9%, 49:1,34.0%," $ 3,743 ",41.4%," $ 385,956 ",75.8%,123.9%,90.4%,47.6%,  0.14 ,71.5%,  -   ,100.0%,17.2%,13.2%,27.3%,63.6%,41.7%,94.6%,18.2%,74.4%,16.7%,80.9%,100.0%,100.0%,0.0%,0.0%,66.5%,,1%,1%,1%,0%,2%,1%,5%,0%,0%,0%,0%,9%,6%,4%,43%,8%,3%,3%,3%,3%,3%,5%,3%
53,51,Standard Bank Group Ltd,Banks and Investment Services,#8/935,South Africa," $ 56,197 ",64.0%," $ 133,984 ",5.5%," $ 67,982 ",68.6%," $ 33,091,695 ",57.4%, No Data, No Data, No Data, No Data,0.0%,0.0%,0.0%,0.0%,30.8%,88.6%,1.4%,64.8%,0.3%,89.3%, 1:1,92.9%," $ 5,776 ",59.2%," $ 117,010 ",53.5%,100.1%,69.6%,50.2%, No Data,0.0%,  -   ,100.0%,10.8%,52.5%,41.2%,91.2%,46.7%,96.3%,11.8%,67.1%,0.0%,0.0%,100.0%,100.0%,0.0%,0.0%,66.1%,,1%,1%,1%,0%,2%,1%,5%,0%,0%,0%,0%,9%,6%,4%,43%,8%,3%,3%,3%,3%,3%,5%,3%
54,96,Telus Corp,Telecommunications,#2/155,Canada," $ 3,069 ",32.4%," $ 38,444 ",10.8%," $ 16,589 ",31.4%," $ 3,171,766 ",18.0%, No Data, No Data, No Data, No Data,0.0%,0.0%,0.0%,0.0%,7.6%,54.6%,14.4%,90.0%,1.1%,57.1%, 243:1,0.0%," $ 2,171 ",23.4%," $ 118,243 ",53.8%,95.6%,81.3%,26.3%,  0.62 ,57.9%,  -   ,100.0%,14.4%,42.9%,41.7%,91.9%,25.0%,62.5%,8.3%,54.4%,16.7%,80.9%,100.0%,100.0%,0.0%,0.0%,66.0%,,3%,4%,1%,0%,2%,3%,3%,4%,2%,1%,0%,5%,2%,2%,43%,8%,3%,3%,3%,3%,3%,5%,3%
55,21,Dassault Syst√®mes SE,Software and Related Services,#2/142,France," $ 40,245 ",80.3%," $ 255,630 ",16.1%, No Data,0.0%," $ 29,370,617,103 ",100.0%, No Data, No Data, No Data, No Data,0.0%,0.0%,0.0%,0.0%,20.9%,82.1%,84.4%,71.4%,6.1%,85.7%, 31:1,100.0%," $ 2,190 ",43.7%," $ 2,998 ",33.3%,18.6%,7.6%,32.8%,  0.11 ,33.4%, Not an appliable KPI, Not an appliable KPI,10.0%,60.0%,41.7%,91.9%,22.2%,60.4%,16.7%,71.0%,0.0%,0.0%,100.0%,100.0%,21.2%,0.0%,64.9%,,1%,2%,1%,0%,2%,0%,4%,0%,1%,3%,0%,6%,4%,5%,43%,8%,3%,3%,3%,3%,3%,5%,3%
56,39,Intesa Sanpaolo SpA,Banks and Investment Services,#9/935,Italy," $ 24,354 ",30.3%," $ 334,170 ",19.8%," $ 15,550 ",11.6%," $ 83,655,581 ",68.5%, No Data," $ 338,912,352 "," $ 881,172,115 ", No Data,0.0%,25.0%,11.9%,0.0%,27.6%,83.8%,2.8%,83.7%,0.8%,93.9%, 70:1,23.3%," $ 5,572 ",58.5%," $ 28,172 ",17.8%,86.0%,37.2%,43.9%, No Data,0.0%,  -   ,100.0%,8.4%,70.4%,36.8%,84.7%,5.6%,3.7%,0.0%,0.0%,0.0%,0.0%,100.0%,100.0%,0.0%,2.5%,64.8%,,1%,1%,1%,0%,2%,1%,5%,0%,0%,0%,0%,9%,6%,4%,43%,8%,3%,3%,3%,3%,3%,5%,3%
57,47,Sims Metal Management Ltd,Construction Materials,#2/187,USA," $ 2,026 ",75.4%," $ 22,942 ",75.0%," $ 7,253 ",75.0%," $ 2,612 ",19.5%, No Data, No Data, No Data, No Data,0.0%,0.0%,0.0%,0.0%,13.4%,73.2%,100.0%,91.6%,100.0%,66.6%, 26:1,37.5%," $ 2,079 ",38.4%," $ 16,140 ",26.3%,103.0%,92.9%,33.6%,  0.27 ,95.5%,  -   ,100.0%,19.0%,16.7%,37.5%,84.8%,27.3%,73.2%,12.5%,67.7%,0.0%,0.0%,100.0%,100.0%,0.0%,0.0%,64.5%,,3%,3%,2%,7%,0%,0%,0%,0%,2%,11%,2%,0%,0%,0%,43%,8%,3%,3%,3%,3%,3%,5%,3%
58,63,Capitaland Ltd,Real Estate,#2/412,Singapore," $ 1,387 ",32.2%," $ 10,696 ",5.7%, $ 550 ,16.3%," $ 60,481 ",15.5%, No Data," $ 169,105,464 ", No Data, No Data,0.0%,23.6%,0.0%,0.0%,10.8%,61.2%,29.6%,85.7%,35.1%,95.2%, 104:1,9.4%," $ 5,797 ",80.3%, No Data,0.0%, No Data,0.0%,60.2%,  0.30 ,47.4%,  0.00021583 ,23.1%,15.2%,68.2%,9.1%,6.7%,25.0%,62.5%,18.2%,74.4%,8.3%,65.8%,100.0%,100.0%,0.2%,0.0%,64.1%,,2%,2%,6%,6%,2%,3%,2%,1%,0%,0%,2%,2%,1%,2%,43%,8%,3%,3%,3%,3%,3%,5%,3%
59,81,Intel Corp,Electronic Products,#4/365,USA," $ 4,876 ",49.0%," $ 25,812 ",27.5%," $ 1,509 ",28.2%," $ 1,701,300 ",55.3%," $ 203,290,960 "," $ 189,381,579 ", No Data, No Data,51.7%,25.4%,0.0%,0.0%,10.2%,45.1%,29.9%,66.6%,29.9%,93.7%, 695:1**,0.0%," $ 3,421 ",67.2%," $ 23,953 ",52.6%,62.0%,41.8%,50.4%,  0.68 ,39.5%,  -   ,100.0%,5.0%,91.5%,30.0%,68.8%,28.6%,76.8%,30.0%,88.5%,28.6%,92.4%,100.0%,100.0%,0.0%,0.0%,64.1%,,3%,4%,6%,1%,2%,2%,2%,2%,0%,0%,0%,2%,3%,2%,43%,8%,3%,3%,3%,3%,3%,5%,3%
60,80,Samsung SDI Co Ltd,Electronic Products,#5/365,South Korea, $ 551 ,4.0%," $ 9,208 ",12.3%," $ 1,590 ",35.4%," $ 645,160 ",22.7%, No Data," $ 484,575,502 "," $ 1,453,126,785 "," $ 581,538,604 ",0.0%,45.4%,27.8%,0.0%,21.8%,87.9%,76.4%,98.4%,53.6%,97.6%, 31:1,56.7%," $ 3,251 ",62.0%," $ 24,409 ",55.2%,90.1%,76.8%,54.5%,  0.16 ,76.4%,  -   ,100.0%,18.1%,23.5%,14.3%,28.2%,0.0%,0.0%,0.0%,0.0%,0.0%,0.0%,100.0%,100.0%,0.0%,5.0%,64.0%,,3%,4%,6%,1%,2%,2%,2%,2%,0%,0%,0%,2%,3%,2%,43%,8%,3%,3%,3%,3%,3%,5%,3%
61,20,Accenture PLC,IT Consulting & Services,#1/127,Ireland," $ 32,296 ",56.3%," $ 184,993 ",3.9%," $ 16,373 ",19.9%," $ 102,163,151 ",51.9%, No Data, No Data, No Data, No Data,0.0%,0.0%,0.0%,0.0%,23.5%,83.6%,25.5%,88.8%,0.1%,40.0%,No Data,0.0%," $ 1,289 ",45.0%," $ 3,055 ",13.3%,48.1%,17.0%,33.8%, No Data,0.0%, No Data,0.0%, No Data,0.0%,41.7%,91.9%,31.3%,80.2%,41.7%,95.5%,12.5%,72.3%,100.0%,100.0%,0.0%,0.0%,63.7%,,1%,1%,1%,0%,1%,1%,7%,1%,0%,0%,0%,4%,6%,6%,43%,8%,3%,3%,3%,3%,3%,5%,3%
62,90,Vitasoy International Holdings Ltd,Packaged and Processed Food and Ingredients,#2/225,Hong Kong, $ 905 ,28.1%," $ 8,765 ",9.4%, $ 259 ,11.4%," $ 96,082 ",10.7%, No Data, No Data, No Data, No Data,0.0%,0.0%,0.0%,0.0%,15.4%,59.0%,50.0%,91.6%,11.2%,100.0%, 16:1,76.0%, $ 117 ,6.9%," $ 2,008 ",9.6%,121.2%,93.2%,5.9%,  0.69 ,75.9%,  -   ,100.0%,24.1%,21.9%,18.2%,37.5%,75.0%,99.7%,36.4%,93.7%,25.0%,90.3%,100.0%,0.0%,0.3%,0.0%,63.5%,,3%,3%,10%,3%,2%,1%,2%,1%,1%,1%,1%,1%,1%,1%,43%,8%,3%,3%,3%,3%,3%,5%,3%
63,,Essity AB,Forest Products,#3/67,Sweden, $ 346 ,82.7%," $ 4,975 ",81.3%," $ 1,756 ",96.0%," $ 25,730 ",40.9%, No Data," $ 9,381,027 "," $ 25,165,485 "," $ 115,210,735 ",0.0%,84.3%,78.4%,90.0%,13.6%,75.8%,51.3%,78.5%,34.5%,60.0%, 64:1,30.0%," $ 1,485 ",20.0%," $ 90,447 ",50.0%,94.4%,75.5%,21.4%,  0.70 ,83.4%,  -   ,100.0%,14.1%,43.8%,44.4%,95.4%,25.0%,62.5%,0.0%,0.0%,0.0%,0.0%,100.0%,100.0%,0.0%,5.0%,63.4%,,1%,1%,11%,1%,0%,0%,0%,8%,3%,3%,1%,0%,0%,0%,43%,8%,3%,3%,3%,3%,3%,5%,3%
64,,CNP Assurances SA,Insurance,#4/236,France," $ 580,310 ",77.2%," $ 14,022,654 ",74.1%," $ 690,426 ",77.5%, No Data,0.0%, No Data, No Data, No Data, No Data,0.0%,0.0%,0.0%,0.0%,27.1%,77.2%,1.1%,85.7%,0.6%,40.0%, 6:1,100.0%," $ 6,172 ",47.1%, $ 82 ,0.0%,0.2%,0.0%,35.3%,  0.24 ,44.5%,  -   ,100.0%,9.0%,69.9%,43.8%,94.0%,25.0%,62.5%,0.0%,0.0%,0.0%,0.0%,100.0%,0.0%,9.5%,1.0%,63.1%,,0%,0%,0%,0%,2%,2%,4%,1%,1%,0%,0%,9%,6%,4%,43%,8%,3%,3%,3%,3%,3%,5%,3%
65,28,Sanofi SA,Pharmaceuticals and Biotechnology,#4/417,France," $ 3,637 ",42.9%," $ 56,791 ",31.5%," $ 1,526 ",21.2%," $ 791,960 ",42.7%," $ 17,118,915 "," $ 119,483,827 "," $ 544,452,080 ", No Data,5.6%,33.8%,26.6%,0.0%,19.9%,74.6%,28.0%,84.2%,28.0%,94.1%, 33:1,50.0%," $ 1,281 ",16.3%," $ 140,511 ",68.4%,72.4%,35.8%,13.3%,  1.50 ,19.4%,  0.00001992 ,23.6%,16.4%,16.7%,50.0%,97.0%,27.3%,73.2%,7.1%,52.0%,0.0%,0.0%,100.0%,100.0%,20.6%,2.5%,62.9%,,2%,2%,5%,2%,2%,1%,3%,2%,1%,1%,0%,4%,3%,2%,43%,8%,3%,3%,3%,3%,3%,5%,3%
66,34,Valeo SA,Vehicles and Parts,#1/257,France," $ 3,169 ",50.8%," $ 26,391 ",8.8%," $ 7,700 ",49.1%," $ 369,991 ",15.2%," $ 14,946,469 "," $ 195,020,707 ", No Data, No Data,43.4%,71.7%,0.0%,0.0%,11.2%,29.1%,47.2%,91.8%,47.0%,85.7%, 97:1,40.0%," $ 1,504 ",37.0%," $ 8,820 ",26.0%,35.8%,8.6%,27.8%,  1.90 ,32.2%, No Data,0.0%,22.8%,17.5%,38.5%,88.3%,25.0%,62.5%,0.0%,0.0%,0.0%,0.0%,100.0%,100.0%,0.0%,5.0%,62.2%,,2%,3%,2%,2%,1%,1%,2%,11%,1%,0%,0%,1%,2%,2%,43%,8%,3%,3%,3%,3%,3%,5%,3%
67,59,Commerzbank AG,Banks and Investment Services,#10/935,Germany," $ 16,945 ",15.1%," $ 273,490 ",17.1%," $ 22,996 ",19.3%," $ 32,528,483 ",70.6%, No Data, No Data, No Data, No Data,0.0%,0.0%,0.0%,0.0%,18.5%,63.3%,3.0%,85.1%,0.1%,75.7%, 24:1,59.0%," $ 9,833 ",80.2%," $ 412,557 ",77.6%,94.9%,55.7%,68.5%, No Data,0.0%,  -   ,100.0%,5.0%,86.9%,40.0%,88.6%,33.3%,87.1%,0.0%,0.0%,0.0%,0.0%,100.0%,0.0%,0.0%,5.0%,61.7%,,1%,1%,1%,0%,2%,1%,5%,0%,0%,0%,0%,9%,6%,4%,43%,8%,3%,3%,3%,3%,3%,5%,3%
68,88,Cogeco Communications Inc,Telecommunications,#3/155,Canada," $ 2,782 ",22.5%," $ 60,378 ",16.8%, No Data,0.0%, No Data,0.0%, No Data, No Data, No Data, No Data,0.0%,0.0%,0.0%,0.0%,8.3%,58.1%,8.6%,80.0%,2.7%,85.7%, 46:1,55.0%, $ 348 ,2.1%," $ 8,426 ",3.8%,82.6%,61.0%,1.6%,  0.59 ,63.2%,  -   ,100.0%,17.0%,22.5%,50.0%,97.0%,22.2%,60.4%,0.0%,0.0%,22.2%,89.5%,100.0%,100.0%,75.8%,2.5%,61.7%,,3%,4%,1%,0%,2%,3%,3%,4%,2%,1%,0%,5%,2%,2%,43%,8%,3%,3%,3%,3%,3%,5%,3%
69,60,Sun Life Financial Inc,Insurance,#5/236,Canada," $ 102,844 ",41.8%," $ 2,404,372 ",43.8%, No Data,0.0%, No Data,0.0%, No Data, No Data, No Data, No Data,0.0%,0.0%,0.0%,0.0%,11.8%,40.2%,1.0%,76.1%,0.6%,40.0%, 54:1,54.6%," $ 8,923 ",69.8%," $ 132,588 ",38.2%,94.5%,70.6%,54.6%, No Data,0.0%, No Data,0.0%,9.8%,64.2%,36.4%,84.2%,33.3%,87.1%,9.1%,58.0%,0.0%,0.0%,100.0%,100.0%,9.5%,0.0%,61.3%,,0%,0%,0%,0%,2%,2%,4%,1%,1%,0%,0%,9%,6%,4%,43%,8%,3%,3%,3%,3%,3%,5%,3%
70,,Xerox Holdings Corp,Technology Hardware,#4/83,USA," $ 4,854 ",7.8%," $ 71,206 ",15.9%," $ 8,160,216 ",75.0%," $ 4,771,579 ",20.8%," $ 1,304,460,432 "," $ 326,467,411 "," $ 41,209,090,909 "," $ 3,192,253,521 ",56.3%,46.9%,75.0%,18.8%,6.7%,10.3%,71.2%,93.3%,0.2%,66.6%, 544:1**,0.0%," $ 5,696 ",71.4%," $ 320,043 ",100.0%,84.8%,72.3%,71.6%,  0.39 ,16.7%,  -   ,100.0%,24.0%,0.0%,14.3%,28.2%,46.7%,96.3%,0.0%,0.0%,13.3%,75.8%,100.0%,0.0%,0.0%,0.0%,61.1%,,1%,2%,2%,0%,2%,0%,5%,2%,1%,0%,0%,6%,5%,4%,43%,8%,3%,3%,3%,3%,3%,5%,3%
71,68,Takeda Pharmaceutical Co Ltd,Pharmaceuticals and Biotechnology,#5/417,Japan," $ 6,479 ",73.3%," $ 95,247 ",59.3%," $ 2,917 ",56.1%," $ 1,508,637 ",54.8%," $ 249,400,884 "," $ 311,751,105 "," $ 5,403,685,814 ", No Data,59.3%,64.1%,69.1%,0.0%,16.8%,63.6%,10.5%,73.6%,10.5%,76.4%, 131:1,20.6%," $ 8,590 ",77.5%," $ 86,523 ",44.7%,143.3%,98.7%,69.0%,  0.23 ,74.2%,  -   ,100.0%, No Data,0.0%,6.3%,0.8%,50.0%,96.3%,50.0%,99.2%,66.7%,99.4%,0.0%,0.0%,0.0%,0.0%,60.7%,,2%,2%,5%,2%,2%,1%,3%,2%,1%,1%,0%,4%,3%,2%,43%,8%,3%,3%,3%,3%,3%,5%,3%
72,,Tech Mahindra Ltd,IT Consulting & Services,#2/127,India," $ 35,610 ",74.5%," $ 161,647 ",0.0%," $ 17,577 ",27.2%," $ 326,956,075 ",88.5%, No Data," $ 78,122,924,187 "," $ 289,707,362,815 "," $ 104,280,121,885 ",0.0%,75.0%,30.0%,75.0%,28.1%,92.2%,13.4%,77.7%,0.1%,60.0%, 190:1,0.0%, $ 115 ,10.0%," $ 1,469 ",6.6%,4.0%,0.0%,7.5%,  -   ,100.0%,  -   ,100.0%,19.1%,35.3%,23.1%,51.7%,17.6%,44.2%,0.0%,0.0%,0.0%,0.0%,100.0%,100.0%,75.8%,0.0%,60.7%,,1%,1%,1%,0%,1%,1%,7%,1%,0%,0%,0%,4%,6%,6%,43%,8%,3%,3%,3%,3%,3%,5%,3%
73,,Agnico Eagle Mines Ltd,Mining,#1/116,Canada, $ 541 ,65.7%," $ 5,914 ",55.4%, $ 323 ,69.1%, $ 69 ,58.3%, No Data," $ 255,230 "," $ 3,893,949 ", No Data,0.0%,9.9%,46.1%,0.0%,11.5%,56.3%,0.9%,77.7%,2.4%,33.3%,No Data,0.0%, $ 406 ,10.5%, $ 547 ,7.1%,8.8%,0.0%,7.9%,  0.42 ,66.7%,  -   ,100.0%,7.8%,74.1%,30.0%,68.8%,20.0%,47.4%,0.0%,0.0%,0.0%,0.0%,100.0%,100.0%,18.9%,1.0%,60.6%,,0%,1%,3%,19%,0%,0%,0%,1%,1%,4%,2%,0%,0%,0%,43%,8%,3%,3%,3%,3%,3%,5%,3%
74,82,Analog Devices Inc,Electronic Products,#7/365,USA," $ 6,510 ",64.6%," $ 43,628 ",36.4%," $ 2,654 ",51.2%," $ 3,710,488 ",73.2%," $ 161,920,676 "," $ 427,933,214 "," $ 54,464,227,273 "," $ 5,705,776,190 ",35.5%,51.3%,83.8%,37.5%,16.1%,73.0%,47.3%,68.1%,23.6%,92.1%, 125:1,13.4%," $ 5,192 ",81.0%," $ 6,214 ",23.6%,58.9%,38.7%,60.8%,  0.38 ,55.3%,  -   ,100.0%,7.0%,78.8%,27.3%,63.6%,10.0%,10.6%,27.3%,86.9%,10.0%,68.0%,0.0%,0.0%,72.7%,0.0%,60.2%,,3%,4%,6%,1%,2%,2%,2%,2%,0%,0%,0%,2%,3%,2%,43%,8%,3%,3%,3%,3%,3%,5%,3%
75,64,Pearson PLC,Human Resource Services,#1/58,UK," $ 39,963 ",63.8%," $ 416,031 ",0.0%," $ 12,537 ",0.0%, No Data,0.0%, Not an appliable KPI, No Data, No Data, Not an appliable KPI, Not an appliable KPI,0.0%,0.0%, Not an appliable KPI,8.7%,18.5%,14.6%,100.0%,No Data,0.0%, 29:1,66.7%, No Data,0.0%," $ 223,764 ",100.0%,111.2%,93.3%,23.3%,  0.57 ,0.0%,  0.00004399 ,0.0%,37.0%,20.0%,45.5%,96.2%,33.3%,87.1%,0.0%,0.0%,11.1%,69.3%,0.0%,100.0%,0.0%,0.0%,59.9%,,0%,0%,1%,0%,2%,5%,7%,0%,2%,0%,0%,3%,5%,4%,43%,8%,3%,3%,3%,3%,3%,5%,3%
76,55,Adidas AG,Footwear,#1/19,Germany," $ 113,651 ",95.0%," $ 1,220,772 ",64.3%," $ 112,080 ",90.0%," $ 15,379,985 ",68.8%," $ 7,012,749 ", No Data, No Data, Not an appliable KPI,6.3%,0.0%,0.0%, Not an appliable KPI,22.7%,77.7%,23.3%,100.0%,11.7%,0.0%, 125:1,0.0%," $ 2,994,191 ",100.0%," $ 12,141,581 ",100.0%,66.5%,83.3%,95.8%,  0.28 ,100.0%,  -   ,100.0%, No Data,0.0%,31.3%,73.9%,16.7%,43.2%,12.5%,67.7%,0.0%,0.0%,100.0%,100.0%,0.0%,2.5%,59.6%,,0%,1%,1%,0%,1%,1%,4%,16%,0%,0%,0%,1%,2%,2%,43%,8%,3%,3%,3%,3%,3%,5%,3%
77,26,Prologis Inc,Real Estate,#3/412,USA," $ 33,700 ",73.0%," $ 427,880 ",45.7%," $ 307,642 ",98.9%," $ 1,507,682,314 ",100.0%, No Data, No Data, No Data, No Data,0.0%,0.0%,0.0%,0.0%,1.9%,40.8%,6.8%,52.3%,11.4%,90.4%, 124:1,4.7%," $ 1,751 ",32.1%," $ 121,379 ",80.0%, No Data,0.0%,24.1%,  -   ,100.0%, No Data,0.0%,15.5%,66.7%,27.3%,63.6%,14.3%,33.0%,18.2%,74.4%,0.0%,0.0%,100.0%,100.0%,23.3%,0.0%,59.3%,,2%,2%,6%,6%,2%,3%,2%,1%,0%,0%,2%,2%,1%,2%,43%,8%,3%,3%,3%,3%,3%,5%,3%
78,97,Lenovo Group Ltd,Technology Hardware,#5/83,China," $ 141,503 ",95.0%," $ 297,696 ",40.3%," $ 38,804 ",63.6%," $ 7,544,830 ",32.2%, No Data, No Data, No Data, No Data,0.0%,0.0%,0.0%,0.0%,22.3%,83.1%,27.7%,66.6%,0.1%,0.0%, 349:1,20.0%, $ 343 ,7.1%," $ 6,289 ",8.3%,47.9%,19.1%,5.3%,  0.03 ,100.0%,  -   ,100.0%,2.2%,100.0%,10.0%,6.8%,21.4%,57.0%,40.0%,94.7%,21.4%,88.9%,100.0%,100.0%,64.1%,0.0%,59.3%,,1%,2%,2%,0%,2%,0%,5%,2%,1%,0%,0%,6%,5%,4%,43%,8%,3%,3%,3%,3%,3%,5%,3%
79,46,Unilever PLC,Personal Products,#2/33,UK," $ 3,175 ",27.8%," $ 73,289 ",20.4%," $ 2,525 ",18.7%," $ 3,297,110 ",46.9%, No Data," $ 39,495,055 ", No Data, No Data,0.0%,16.2%,0.0%,0.0%,21.5%,58.0%,31.0%,80.0%,0.2%,0.0%, 154:1,12.5%," $ 3,551 ",63.6%," $ 231,796 ",70.0%,99.2%,86.3%,61.8%, No Data,0.0%,  0.00002669 ,20.0%,6.9%,37.5%,41.7%,91.9%,30.8%,79.9%,33.3%,90.8%,30.8%,93.0%,100.0%,100.0%,0.0%,0.0%,59.2%,,2%,1%,2%,1%,3%,1%,2%,1%,1%,2%,0%,4%,5%,5%,43%,8%,3%,3%,3%,3%,3%,5%,3%
80,,StarHub Ltd,Telecommunications,#4/155,Singapore," $ 5,154 ",55.5%," $ 42,860 ",9.4%," $ 121,881 ",85.4%," $ 75,855,419 ",77.7%," $ 3,636,903,630 "," $ 928,300,577 "," $ 22,124,497,083 "," $ 15,617,292,059 ",75.0%,67.1%,81.3%,75.0%,10.9%,76.5%,3.1%,60.0%,0.9%,28.5%, 18:1,85.0%," $ 15,382 ",91.4%, No Data,0.0%, No Data,0.0%,68.6%,  0.14 ,100.0%,  -   ,100.0%,24.0%,10.3%,25.0%,52.9%,20.0%,47.4%,41.7%,95.5%,40.0%,97.3%,100.0%,100.0%,0.0%,2.5%,58.9%,,3%,4%,1%,0%,2%,3%,3%,4%,2%,1%,0%,5%,2%,2%,43%,8%,3%,3%,3%,3%,3%,5%,3%
81,,Orkla ASA,Packaged and Processed Food and Ingredients,#3/225,Norway," $ 1,965 ",62.9%," $ 34,369 ",56.9%, $ 602 ,57.1%," $ 17,290,943 ",82.3%, No Data," $ 44,362,620 "," $ 399,263,583 ", No Data,0.0%,33.7%,60.2%,0.0%,18.2%,74.1%,21.9%,79.1%,2.0%,25.0%, 44:1,56.0%," $ 2,184 ",53.4%," $ 2,398 ",16.1%,15.8%,1.6%,40.1%,  0.70 ,72.5%,  -   ,100.0%,10.0%,75.0%,33.3%,80.9%,20.0%,47.4%,0.0%,0.0%,0.0%,0.0%,100.0%,0.0%,0.0%,0.0%,58.7%,,3%,3%,10%,3%,2%,1%,2%,1%,1%,1%,1%,1%,1%,1%,43%,8%,3%,3%,3%,3%,3%,5%,3%
82,56,AstraZeneca PLC,Pharmaceuticals and Biotechnology,#6/417,UK," $ 5,453 ",60.0%," $ 48,815 ",28.2%," $ 6,869 ",77.7%," $ 1,303,051 ",43.4%," $ 117,797,101 ", No Data, No Data, No Data,35.2%,0.0%,0.0%,0.0%,11.1%,44.0%,2.8%,57.8%,3.2%,58.8%, 134:1,17.7%," $ 7,705 ",73.4%," $ 136,048 ",63.1%,77.4%,41.0%,56.1%,  0.66 ,48.4%,  -   ,100.0%,10.5%,69.1%,28.6%,68.5%,33.3%,87.1%,21.4%,79.9%,33.3%,93.8%,100.0%,100.0%,4.1%,1.0%,58.5%,,2%,2%,5%,2%,2%,1%,3%,2%,1%,1%,0%,4%,3%,2%,43%,8%,3%,3%,3%,3%,3%,5%,3%
83,43,Shinhan Financial Group Co Ltd,Banks and Investment Services,#13/935,South Korea," $ 104,302 ",78.7%," $ 565,290 ",29.9%," $ 149,638 ",72.8%," $ 114,601,633 ",78.1%, No Data, No Data, No Data, No Data,0.0%,0.0%,0.0%,0.0%,19.0%,64.3%,2.0%,77.0%,0.0%,1.5%, 13:1,69.7%," $ 1,866 ",21.7%," $ 100,649 ",49.1%,94.2%,54.3%,17.1%,  0.04 ,92.9%,  -   ,100.0%,3.9%,93.2%,7.7%,2.4%,7.1%,5.3%,7.7%,52.6%,0.0%,0.0%,100.0%,100.0%,4.1%,1.0%,58.3%,,1%,1%,1%,0%,2%,1%,5%,0%,0%,0%,0%,9%,6%,4%,43%,8%,3%,3%,3%,3%,3%,5%,3%
84,,SAP SE,Software and Related Services,#3/142,Germany," $ 24,998 ",60.7%," $ 143,854 ",1.3%," $ 30,240 ",33.1%," $ 162,415,970 ",65.0%, No Data, No Data, No Data, No Data,0.0%,0.0%,0.0%,0.0%,24.2%,88.3%,83.5%,57.1%,16.2%,100.0%, 58:1,50.0%," $ 5,377 ",81.2%," $ 21,638 ",100.0%,86.6%,76.9%,80.1%,  0.07 ,66.7%, Not an appliable KPI, Not an appliable KPI,10.7%,20.0%,50.0%,97.0%,20.0%,47.4%,5.6%,51.3%,0.0%,0.0%,100.0%,100.0%,3.7%,1.0%,57.3%,,1%,2%,1%,0%,2%,0%,4%,0%,1%,3%,0%,6%,4%,5%,43%,8%,3%,3%,3%,3%,3%,5%,3%
85,84,Canadian Solar Inc,Electronic Products,#8/365,Canada, No Data,0.0%, No Data,0.0%, No Data,0.0%, No Data,0.0%, No Data, No Data, No Data, No Data,0.0%,0.0%,0.0%,0.0%,22.3%,88.8%,100.0%,99.2%,100.0%,99.2%,No Data,0.0%, No Data,0.0%, No Data,0.0%, No Data,0.0%,0.0%, No Data,0.0%, No Data,0.0%, No Data,0.0%,11.1%,15.1%,0.0%,0.0%,66.7%,100.0%,100.0%,100.0%,0.0%,0.0%,0.0%,0.0%,57.2%,,3%,4%,6%,1%,2%,2%,2%,2%,0%,0%,0%,2%,3%,2%,43%,8%,3%,3%,3%,3%,3%,5%,3%
86,,Nordea Bank Abp,Banks and Investment Services,#14/935,Finland," $ 48,961 ",46.4%," $ 2,689,259 ",52.0%," $ 121,888 ",73.1%," $ 19,649,495 ",55.3%, No Data, No Data, No Data, No Data,0.0%,0.0%,0.0%,0.0%,21.9%,72.4%,1.8%,75.6%,0.9%,95.4%, 19:1,62.5%," $ 1,155 ",12.5%," $ 163,242 ",62.5%,93.2%,52.0%,13.0%, No Data,0.0%,  -   ,100.0%,9.9%,60.7%,40.0%,88.6%,22.2%,60.4%,0.0%,0.0%,0.0%,0.0%,100.0%,0.0%,26.4%,2.5%,57.1%,,1%,1%,1%,0%,2%,1%,5%,0%,0%,0%,0%,9%,6%,4%,43%,8%,3%,3%,3%,3%,3%,5%,3%
87,99,Kesko Oyj,Grocery and Diversified Stores,#1/395,Finland," $ 7,074 ",40.4%," $ 130,419 ",28.1%," $ 13,128 ",51.2%," $ 2,697,846 ",66.0%, No Data," $ 60,979,707 "," $ 74,948,755 ", No Data,0.0%,49.1%,15.6%,0.0%,11.0%,35.9%,3.6%,61.5%,2.9%,100.0%, 129:1,50.0%," $ 4,769 ",97.8%," $ 21,944 ",65.3%,132.7%,98.4%,89.3%,  2.40 ,53.0%,  -   ,100.0%,29.1%,36.4%,28.6%,68.5%,25.0%,62.5%,0.0%,0.0%,0.0%,0.0%,100.0%,100.0%,0.0%,1.0%,56.8%,,1%,2%,1%,2%,7%,1%,4%,0%,1%,2%,1%,1%,3%,5%,43%,8%,3%,3%,3%,3%,3%,5%,3%
88,,Henkel AG & Co KgaA,Personal Products,#3/33,Germany," $ 3,433 ",39.2%," $ 44,151 ",10.9%," $ 3,629 ",27.2%," $ 668,278 ",10.6%," $ 69,678,295 "," $ 67,908,176 "," $ 408,392,227 "," $ 105,391,542 ",29.1%,35.0%,46.9%,6.3%,19.4%,29.0%,23.0%,60.0%,0.4%,75.0%, 90:1,37.5%," $ 1,395 ",18.1%," $ 126,575 ",60.0%,86.0%,54.5%,17.2%,  0.14 ,100.0%,  -   ,100.0%,6.6%,50.0%,16.7%,34.2%,24.3%,62.4%,33.3%,90.8%,0.0%,0.0%,100.0%,100.0%,53.7%,0.0%,56.3%,,2%,1%,2%,1%,3%,1%,2%,1%,1%,2%,0%,4%,5%,5%,43%,8%,3%,3%,3%,3%,3%,5%,3%
89,52,Ericsson,Communications Equipment,#3/60,Sweden," $ 21,716 ",87.5%," $ 150,030 ",100.0%," $ 17,303 ",79.1%," $ 4,245,891 ",31.2%, No Data," $ 20,948,452 "," $ 21,847,754 "," $ 185,393,798 ",0.0%,3.1%,3.1%,0.0%,32.7%,89.0%,35.3%,90.9%,17.7%,0.0%, 102:1,50.0%," $ 5,946 ",100.0%," $ 80,115 ",66.6%,68.3%,52.3%,79.7%, No Data,0.0%,  0.00011065 ,0.0%,11.0%,66.7%,23.1%,51.7%,25.0%,62.5%,0.0%,0.0%,12.5%,72.3%,100.0%,0.0%,10.4%,5.0%,55.8%,,1%,2%,2%,1%,2%,6%,4%,0%,0%,0%,2%,3%,3%,4%,43%,8%,3%,3%,3%,3%,3%,5%,3%
90,62,Alphabet Inc,Internet Companies,#1/49,USA," $ 23,586 ",25.0%," $ 31,252 ",6.3%, No Data,0.0%, No Data,0.0%, Not an appliable KPI, Not an appliable KPI, Not an appliable KPI, Not an appliable KPI, Not an appliable KPI, Not an appliable KPI, Not an appliable KPI, Not an appliable KPI,14.2%,64.1%,83.3%,100.0%,0.6%,100.0%, 1085:1**,0.0%," $ 6,089 ",0.0%, No Data,0.0%, No Data,0.0%,0.0%, No Data,0.0%, Not an appliable KPI, Not an appliable KPI, No Data,0.0%,27.3%,63.6%,0.0%,0.0%,27.3%,86.9%,33.3%,93.8%,100.0%,0.0%,0.0%,5.0%,55.8%,,1%,2%,1%,0%,4%,0%,4%,0%,0%,0%,0%,14%,3%,2%,43%,8%,3%,3%,3%,3%,3%,5%,3%
91,91,Teck Resources Ltd,Mining,#3/116,Canada, $ 307 ,47.5%," $ 3,099 ",27.3%, $ 30 ,7.5%, $ 10 ,12.6%," $ 392,955,649 "," $ 6,882,473 "," $ 2,594,548 "," $ 207,288 ",100.0%,68.7%,42.1%,22.9%,18.8%,84.4%,0.9%,83.3%,4.7%,66.6%, 59:1 ,44.0%," $ 3,946 ",68.4%," $ 209,872 ",92.8%,113.8%,91.8%,72.5%,  0.34 ,74.1%,  0.00009422 ,60.9%,10.0%,44.5%,33.3%,80.9%,13.3%,25.3%,33.3%,90.8%,0.0%,0.0%,100.0%,100.0%,53.4%,5.0%,55.6%,,0%,1%,3%,19%,0%,0%,0%,1%,1%,4%,2%,0%,0%,0%,43%,8%,3%,3%,3%,3%,3%,5%,3%
92,94,Industria de Diseno Textil SA,Clothing and Accessory Retail,#2/143,Spain," $ 15,337 ",59.4%," $ 118,111 ",12.3%," $ 19,989 ",58.7%," $ 20,130,428 ",93.8%, Not an appliable KPI, Not an appliable KPI, Not an appliable KPI, No Data, Not an appliable KPI, Not an appliable KPI, Not an appliable KPI,0.0%,18.1%,57.1%,19.0%,85.7%,2.6%,0.0%, 210:1,30.0%, No Data,0.0%, No Data,0.0%, No Data,0.0%,0.0%, No Data,0.0%,  -   ,100.0%,50.0%,13.4%,36.4%,84.2%,23.8%,62.3%,0.0%,0.0%,0.0%,0.0%,100.0%,100.0%,0.0%,0.0%,55.3%,,1%,1%,1%,1%,6%,1%,7%,0%,0%,0%,3%,2%,4%,4%,43%,8%,3%,3%,3%,3%,3%,5%,3%
93,40,Koninklijke KPN NV,Telecommunications,#5/155,Netherlands," $ 3,056 ",29.7%," $ 29,496 ",5.4%," $ 262,954 ",100.0%," $ 5,082,209 ",33.1%, No Data, No Data, No Data, No Data,0.0%,0.0%,0.0%,0.0%,-0.5%,0.0%,5.6%,70.0%,31.8%,100.0%, 21:1,80.0%," $ 3,639 ",46.8%," $ 62,645 ",34.6%,71.9%,44.0%,35.1%,  10.10 ,0.0%,  -   ,100.0%,19.8%,16.4%,37.5%,84.8%,33.3%,87.1%,0.0%,0.0%,0.0%,0.0%,100.0%,100.0%,0.0%,2.5%,55.2%,,3%,4%,1%,0%,2%,3%,3%,4%,2%,1%,0%,5%,2%,2%,43%,8%,3%,3%,3%,3%,3%,5%,3%
94,85,Byd Co Ltd,Vehicles and Parts,#2/257,China," $ 1,620 ",24.8%, No Data,0.0%," $ 1,025 ",6.5%, No Data,0.0%," $ 320,947,463 "," $ 750,266,796 ", No Data, No Data,100.0%,79.8%,0.0%,0.0%,3.0%,5.1%,34.6%,89.1%,2.1%,28.5%, 37:1,52.0%, No Data,0.0%, No Data,0.0%, No Data,0.0%,0.0%, No Data,0.0%, No Data,0.0%, No Data,0.0%,16.7%,34.2%,15.4%,34.9%,0.0%,0.0%,0.0%,0.0%,0.0%,0.0%,0.0%,0.0%,55.0%,,2%,3%,2%,2%,1%,1%,2%,11%,1%,0%,0%,1%,2%,2%,43%,8%,3%,3%,3%,3%,3%,5%,3%
95,77,Workday Inc,Software and Related Services,#4/142,USA," $ 9,457 ",15.1%," $ 1,401,548 ",61.4%, No Data,0.0%, No Data,0.0%, No Data, No Data, No Data, No Data,0.0%,0.0%,0.0%,0.0%,4.3%,21.7%,85.4%,85.7%,3.1%,57.1%, 52:1**,0.0%," $ 2,882 ",56.2%, No Data,0.0%, No Data,0.0%,42.2%, No Data,0.0%, Not an appliable KPI, Not an appliable KPI, No Data,0.0%,18.2%,37.5%,35.3%,88.3%,18.2%,74.4%,23.5%,90.0%,100.0%,0.0%,0.0%,0.0%,55.0%,,1%,2%,1%,0%,2%,0%,4%,0%,1%,3%,0%,6%,4%,5%,43%,8%,3%,3%,3%,3%,3%,5%,3%
96,,Maxim Integrated Products Inc,Electronic Products,#9/365,USA," $ 3,819 ",39.6%," $ 19,795 ",23.6%," $ 1,721 ",30.5%," $ 2,510,189 ",60.8%," $ 47,639,022 "," $ 365,232,500 ", No Data, No Data,12.3%,41.5%,0.0%,0.0%,12.4%,56.0%,37.6%,67.4%,48.3%,95.2%, 282:1,0.0%, $ 109 ,1.7%, No Data,0.0%, No Data,0.0%,1.3%,  0.19 ,71.1%,  -   ,100.0%, No Data,0.0%,33.3%,80.9%,0.0%,0.0%,22.2%,80.9%,33.3%,93.8%,100.0%,0.0%,0.0%,0.0%,54.3%,,3%,4%,6%,1%,2%,2%,2%,2%,0%,0%,0%,2%,3%,2%,43%,8%,3%,3%,3%,3%,3%,5%,3%
97,74,Tesla Inc,Vehicles and Parts,#3/257,USA," $ 3,154 ",52.0%, No Data,0.0%," $ 23,205 ",71.1%, No Data,0.0%, No Data, No Data, No Data, No Data,0.0%,0.0%,0.0%,0.0%,3.7%,6.8%,100.0%,100.0%,100.0%,100.0%, 0:1**,0.0%, No Data,0.0%, No Data,0.0%, No Data,0.0%,0.0%, No Data,0.0%, No Data,0.0%, No Data,0.0%,22.2%,51.3%,0.0%,0.0%,22.2%,80.9%,0.0%,0.0%,0.0%,0.0%,0.0%,2.5%,53.7%,,2%,3%,2%,2%,1%,1%,2%,11%,1%,0%,0%,1%,2%,2%,43%,8%,3%,3%,3%,3%,3%,5%,3%
98,71,Novo Nordisk A/S,Pharmaceuticals and Biotechnology,#9/417,Denmark," $ 6,113 ",53.2%," $ 113,665 ",46.9%," $ 5,810 ",76.3%," $ 2,107,700 ",72.6%, No Data, No Data, No Data, No Data,0.0%,0.0%,0.0%,0.0%,15.8%,60.2%,3.2%,63.1%,3.2%,58.8%, 78:1,35.3%," $ 6,621 ",65.3%," $ 4,070 ",2.6%,46.8%,7.6%,49.0%,  0.44 ,58.1%,  0.00002312 ,11.8%,11.4%,54.8%,38.5%,88.3%,11.1%,17.7%,0.0%,0.0%,11.1%,69.3%,0.0%,100.0%,0.0%,2.5%,52.6%,,2%,2%,5%,2%,2%,1%,3%,2%,1%,1%,0%,4%,3%,2%,43%,8%,3%,3%,3%,3%,3%,5%,3%
99,,Canadian Tire Corporation Ltd,Grocery and Diversified Stores,#2/395,Canada, $ 212 ,2.8%," $ 133,981 ",33.7%, $ 241 ,4.9%," $ 1,580,358 ",50.4%, No Data, No Data, No Data, No Data,0.0%,0.0%,0.0%,0.0%,16.1%,54.4%,3.8%,69.2%,1.1%,0.0%, 180:1,32.2%, No Data,0.0%, No Data,0.0%, No Data,0.0%,0.0%,  1.64 ,58.9%,  -   ,100.0%,14.0%,78.8%,25.0%,52.9%,21.4%,57.0%,0.0%,0.0%,14.3%,77.1%,0.0%,100.0%,0.0%,0.0%,51.5%,,1%,2%,1%,2%,7%,1%,4%,0%,1%,2%,1%,1%,3%,5%,43%,8%,3%,3%,3%,3%,3%,5%,3%
100,,NVIDIA Corp,Electronic Products,#10/365,USA," $ 18,317 ",71.3%," $ 140,861 ",47.0%," $ 34,595 ",78.4%," $ 9,164,778 ",74.7%," $ 72,786,666,667 "," $ 5,459,000,000 "," $ 136,475,000,000 "," $ 121,311,111,111 ",91.3%,85.4%,83.8%,87.5%,2.1%,9.9%,13.6%,41.6%,65.4%,98.4%, 88:1**,0.0%," $ 5,517 ",86.2%, No Data,0.0%, No Data,0.0%,64.7%,  0.01 ,97.4%,  -   ,100.0%,6.7%,83.0%,23.1%,51.7%,33.3%,87.1%,23.1%,83.0%,33.3%,93.8%,100.0%,0.0%,0.0%,5.0%,49.8%,,3%,4%,6%,1%,2%,2%,2%,2%,0%,0%,0%,2%,3%,2%,43%,8%,3%,3%,3%,3%,3%,5%,3%